,시즌,날짜,시간,구장,팀 선발,T,결과,상대팀,상대선발,T.1,승리투수,패전투수,세이브,관중,성적,연도,월,홈팀
3,정규,04월 01일,18시30분,잠실,임정우,R,W 3:2,롯데,이상화,R,이동현,이정민,,14260,1-3-0,2015,4,LG
5,정규,04월 03일,18시30분,잠실,소사,R,L 3:7,삼성,클로이드,R,안지만,정찬헌,,12636,1-4-0,2015,4,LG
6,정규,04월 04일,17시,잠실,임지섭,L,W 3:2,삼성,피가로,R,임지섭,피가로,봉중근,20404,2-4-0,2015,4,LG
7,정규,04월 05일,14시,잠실,루카스,R,W 6:5,삼성,차우찬,L,정찬헌,임창용,,17472,3-4-0,2015,4,LG
11,정규,04월 10일,18시30분,잠실,임지섭,L,W 5:2,두산,니퍼트,R,김선규,김강률,봉중근,20228,5-6-0,2015,4,LG
12,정규,04월 11일,17시,잠실,루카스,R,L 6:9,두산,장원준,L,장원준,루카스,,26000,5-7-0,2015,4,LG
13,정규,04월 12일,14시,잠실,임정우,R,W 3:2,두산,유희관,L,이동현,윤명준,,22864,6-7-0,2015,4,LG
15,정규,04월 15일,18시30분,잠실,소사,R,L 4:9,KIA,양현종,L,양현종,소사,,21750,6-8-0,2015,4,LG
16,정규,04월 16일,18시30분,잠실,임지섭,L,W 10:5,KIA,임기준,L,윤지웅,최영필,,13903,7-8-0,2015,4,LG
20,정규,04월 21일,18시30분,잠실,소사,R,W 10:0,한화,유먼,L,소사,유먼,,20347,9-9-0,2015,4,LG
21,정규,04월 22일,18시30분,잠실,임지섭,L,L 2:5,한화,유창식,L,박정진,임지섭,권혁,20113,9-10-0,2015,4,LG
22,정규,04월 23일,18시30분,잠실,루카스,R,W 5:2,한화,배영수,R,루카스,배영수,이동현,21513,10-10-0,2015,4,LG
29,정규,05월 01일,18시30분,잠실,소사,R,L 1:3,넥센,송신영,R,송신영,소사,손승락,23220,13-14-0,2015,5,LG
30,정규,05월 02일,17시,잠실,장진용,R,L 3:4,넥센,밴헤켄,L,밴헤켄,장진용,손승락,22666,13-15-0,2015,5,LG
31,정규,05월 03일,14시,잠실,임지섭,L,L 2:6,넥센,한현희,RU,한현희,임지섭,,16151,13-16-0,2015,5,LG
39,정규,05월 13일,18시30분,잠실,소사,R,W 6:2,NC,찰리,R,소사,찰리,,11472,16-20-0,2015,5,LG
40,정규,05월 14일,18시30분,잠실,우규민,RU,D 0:0,NC,이재학,RU,,,,12485,16-20-1,2015,5,LG
41,정규,05월 15일,18시30분,잠실,임정우,R,L 2:5,SK,켈리,R,켈리,임정우,윤길현,12578,16-21-1,2015,5,LG
42,정규,05월 16일,17시,잠실,루카스,R,L 6:7,SK,박종훈,RU,문광은,정찬헌,윤길현,19574,16-22-1,2015,5,LG
43,정규,05월 17일,14시,잠실,류제국,R,W 6:4,SK,채병용,R,류제국,채병용,봉중근,16125,17-22-1,2015,5,LG
50,정규,05월 26일,18시30분,잠실,소사,R,W 5:2,kt,어윈,R,소사,어윈,,9156,20-26-1,2015,5,LG
51,정규,05월 27일,18시30분,잠실,우규민,RU,W 8:1,kt,정성곤,L,우규민,정성곤,,10920,21-26-1,2015,5,LG
52,정규,05월 28일,18시30분,잠실,루카스,R,L 0:4,kt,정대현,L,정대현,루카스,,10151,21-27-1,2015,5,LG
53,정규,05월 29일,18시30분,잠실,류제국,R,L 1:4,삼성,차우찬,L,차우찬,류제국,임창용,19408,21-28-1,2015,5,LG
54,정규,05월 30일,14시,잠실,장진용,R,L 1:4,삼성,클로이드,R,클로이드,임정우,임창용,18934,21-29-1,2015,5,LG
55,정규,05월 31일,14시,잠실,소사,R,L 3:9,삼성,피가로,R,피가로,소사,,22573,21-30-1,2015,5,LG
59,정규,06월 05일,18시30분,잠실,소사,R,W 3:2,SK,윤희상,R,임정우,윤길현,,7640,25-30-1,2015,6,LG
60,정규,06월 06일,17시,잠실,장진용,R,L 5:8,SK,밴와트,R,정우람,정찬헌,,12301,25-31-1,2015,6,LG
61,정규,06월 07일,17시,잠실,우규민,RU,L 0:3,SK,김광현,L,김광현,우규민,,10619,25-32-1,2015,6,LG
62,정규,06월 09일,18시30분,잠실,루카스,R,L 2:5,두산,유희관,L,유희관,루카스,,11384,25-33-1,2015,6,LG
63,정규,06월 10일,18시30분,잠실,류제국,R,W 5:1,두산,장원준,L,류제국,장원준,,11900,26-33-1,2015,6,LG
64,정규,06월 11일,18시30분,잠실,소사,R,L 0:6,두산,진야곱,L,진야곱,소사,,9316,26-34-1,2015,6,LG
68,정규,06월 16일,18시30분,잠실,류제국,R,L 3:4,KIA,양현종,L,양현종,류제국,윤석민,14827,27-37-1,2015,6,LG
69,정규,06월 17일,18시30분,잠실,소사,R,W 5:0,KIA,스틴슨,R,소사,스틴슨,,13363,28-37-1,2015,6,LG
70,정규,06월 18일,18시30분,잠실,임정우,R,W 5:3,KIA,서재응,R,정찬헌,김병현,봉중근,15285,29-37-1,2015,6,LG
77,정규,06월 26일,18시30분,잠실,루카스,R,L 3:6,NC,해커,R,해커,윤지웅,임창민,8673,32-40-1,2015,6,LG
78,정규,06월 27일,17시,잠실,류제국,R,W 9:5,NC,이재학,RU,이동현,김진성,봉중근,15734,33-40-1,2015,6,LG
79,정규,06월 28일,17시,잠실,소사,R,W 4:1,NC,스튜어트,R,소사,스튜어트,봉중근,12623,34-40-1,2015,6,LG
86,정규,07월 07일,18시30분,잠실,우규민,RU,L 6:7,롯데,레일리,L,심수창,우규민,,11966,35-45-1,2015,7,LG
87,정규,07월 08일,18시30분,잠실,루카스,R,W 1:0,롯데,송승준,R,봉중근,이성민,,10756,36-45-1,2015,7,LG
88,정규,07월 09일,18시30분,잠실,류제국,R,W 2:1,롯데,린드블럼,R,임정우,심수창,,12931,37-45-1,2015,7,LG
89,정규,07월 10일,18시30분,잠실,소사,R,L 5:8,한화,송창식,R,윤규진,이동현,,20487,37-46-1,2015,7,LG
90,정규,07월 11일,18시,잠실,장진용,R,L 3:5,한화,유먼,L,권혁,임정우,,26000,37-47-1,2015,7,LG
95,정규,07월 21일,18시30분,잠실,우규민,RU,L 1:4,넥센,밴헤켄,L,밴헤켄,우규민,손승락,8236,38-49-1,2015,7,LG
96,정규,07월 22일,18시30분,잠실,루카스,R,W 5:3,넥센,문성현,R,루카스,문성현,봉중근,7805,39-49-1,2015,7,LG
100,정규,07월 26일,18시,잠실,우규민,RU,W 9:0,kt,정대현,L,우규민,정대현,,11347,40-49-1,2015,7,LG
107,정규,08월 04일,18시30분,잠실,류제국,R,L 1:8,NC,이재학,RU,이재학,류제국,,10964,42-54-1,2015,8,LG
108,정규,08월 05일,18시30분,잠실,이준형,R,L 2:6,NC,이민호,R,이민호,이준형,,9116,42-55-1,2015,8,LG
113,정규,08월 11일,18시30분,잠실,김광삼,R,W 7:3,삼성,클로이드,R,유원상,클로이드,이동현,12607,45-57-1,2015,8,LG
114,정규,08월 12일,18시30분,잠실,우규민,RU,L 1:4,삼성,장원삼,L,장원삼,우규민,임창용,12137,45-58-1,2015,8,LG
117,정규,08월 15일,18시,잠실,류제국,R,L 1:2,KIA,양현종,L,양현종,류제국,윤석민,26000,46-60-1,2015,8,LG
119,정규,08월 17일,18시30분,잠실,우규민,RU,W 3:2,KIA,서재응,R,우규민,서재응,봉중근,11627,47-60-1,2015,8,LG
122,정규,08월 20일,18시30분,잠실,루카스,R,W 4:2,두산,장원준,L,루카스,장원준,봉중근,11400,48-62-1,2015,8,LG
123,정규,08월 21일,18시30분,잠실,류제국,R,L 1:2,두산,허준혁,L,함덕주,이동현,,12436,48-63-1,2015,8,LG
124,정규,08월 22일,18시,잠실,우규민,RU,W 4:3,넥센,금민철,L,봉중근,손승락,,13826,49-63-1,2015,8,LG
125,정규,08월 23일,18시,잠실,소사,R,W 5:4,넥센,김영민,R,임정우,오재영,,11262,50-63-1,2015,8,LG
128,정규,08월 27일,18시30분,잠실,류제국,R,L 3:6,SK,켈리,R,박정배,이동현,정우람,7752,51-64-1,2015,8,LG
129,정규,08월 28일,18시30분,잠실,우규민,RU,L 0:4,SK,세든,L,세든,우규민,,8516,51-65-1,2015,8,LG
134,정규,09월 03일,18시30분,잠실,소사,R,L 1:3,kt,저마노,R,장시환,임정우,조무근,7176,52-69-1,2015,9,LG
135,정규,09월 04일,18시30분,잠실,봉중근,L,W 8:1,kt,정대현,L,김지용,정대현,,9119,53-69-1,2015,9,LG
136,정규,09월 05일,17시,잠실,우규민,RU,L 4:9,롯데,이명우,L,이명우,우규민,,18417,53-70-1,2015,9,LG
137,정규,09월 06일,17시,잠실,루카스,R,D 1:1,롯데,박세웅,R,,,,16550,53-70-2,2015,9,LG
138,정규,09월 08일,18시30분,잠실,류제국,R,W 8:7,한화,로저스,R,임정우,권혁,,19019,54-70-2,2015,9,LG
139,정규,09월 09일,18시30분,잠실,소사,R,W 8:1,한화,송창식,R,소사,송창식,,16588,55-70-2,2015,9,LG
145,정규,09월 19일,17시,잠실,소사,R,L 5:7,넥센,밴헤켄,L,밴헤켄,소사,손승락,14195,57-74-2,2015,9,LG
146,정규,09월 20일,14시,잠실,루카스,R,W 7:3,kt,저마노,R,루카스,저마노,임정우,9286,58-74-2,2015,9,LG
147,정규,09월 21일,18시30분,잠실,류제국,R,L 1:4,kt,옥스프링,R,옥스프링,진해수,조무근,6560,58-75-2,2015,9,LG
152,정규,09월 28일,14시,잠실,우규민,RU,W 8:4,KIA,김광수,R,우규민,김광수,,23365,62-75-2,2015,9,LG
154,정규,10월 01일,18시30분,잠실,소사,R,L 2:7,NC,해커,R,해커,소사,임창민,6401,62-77-2,2015,10,LG
155,정규,10월 02일,18시30분,잠실,루카스,R,L 3:6,한화,안영명,R,안영명,루카스,송은범,16252,62-78-2,2015,10,LG
156,정규,10월 03일,14시,잠실,우규민,RU,W 5:2,롯데,이명우,L,우규민,이명우,임정우,19458,63-78-2,2015,10,LG
160,정규,04월 01일,19시,잠실,소사,R,W 5:4,한화,송은범,R,이승현,김민우,,26000,1-0-0,2016,4,LG
161,정규,04월 02일,17시,잠실,우규민,,W 8:7,한화,김재영,,최성훈,이재우,,26000,2-0-0,2016,4,LG
169,정규,04월 12일,18시30분,잠실,소사,,W 12:11,롯데,김원중,,이승현,이성민,,18615,4-4-0,2016,4,LG
170,정규,04월 13일,18시30분,잠실,우규민,,W 5:3,롯데,린드블럼,,우규민,린드블럼,이동현,21931,5-4-0,2016,4,LG
171,정규,04월 14일,18시30분,잠실,임찬규,,L 0:9,롯데,레일리,,레일리,임찬규,,13883,5-5-0,2016,4,LG
175,정규,04월 19일,18시30분,잠실,소사,,L 1:8,NC,해커,,해커,소사,,9542,7-6-0,2016,4,LG
176,정규,04월 20일,18시30분,잠실,우규민,,W 6:3,NC,스튜어트,,윤지웅,스튜어트,임정우,8216,8-6-0,2016,4,LG
177,정규,04월 21일,18시30분,잠실,이준형,,L 5:8,NC,이재학,,이재학,이준형,임창민,9695,8-7-0,2016,4,LG
184,정규,04월 29일,18시30분,잠실,이준형,,W 4:3,kt,정대현,,임정우,장시환,,12222,11-10-0,2016,4,LG
185,정규,04월 30일,17시,잠실,소사,,L 2:3,kt,마리몬,,마리몬,소사,장시환,17009,11-11-0,2016,4,LG
186,정규,05월 01일,14시,잠실,봉중근,,W 4:2,kt,정성곤,,신승현,정성곤,임정우,15632,12-11-0,2016,5,LG
188,정규,05월 04일,18시30분,잠실,우규민,,L 1:17,두산,유희관,,유희관,우규민,,23112,12-12-0,2016,5,LG
189,정규,05월 05일,14시,잠실,소사,,W 8:7,두산,보우덴,,임정우,정재훈,,26000,13-12-0,2016,5,LG
193,정규,05월 10일,18시30분,잠실,우규민,,L 3:9,삼성,김기태,,백정현,우규민,,10929,13-16-0,2016,5,LG
194,정규,05월 11일,18시30분,잠실,소사,,W 16:2,삼성,장원삼,,소사,장원삼,,14214,14-16-0,2016,5,LG
195,정규,05월 12일,18시30분,잠실,이준형,,L 5:7,삼성,윤성환,,윤성환,이준형,심창민,15132,14-17-0,2016,5,LG
196,정규,05월 13일,18시30분,잠실,류제국,,W 2:1,SK,켈리,,류제국,켈리,임정우,11718,15-17-0,2016,5,LG
197,정규,05월 14일,17시,잠실,코프랜드,,W 12:3,SK,박종훈,,코프랜드,박종훈,,20872,16-17-0,2016,5,LG
202,정규,05월 20일,18시30분,잠실,코프랜드,,W 4:3,넥센,박주현,,이승현,이보근,임정우,13230,20-17-0,2016,5,LG
203,정규,05월 21일,17시,잠실,우규민,,L 5:7,넥센,양훈,,하영민,우규민,김세현,20759,20-18-0,2016,5,LG
204,정규,05월 22일,17시,잠실,소사,,W 5:4,넥센,신재영,,소사,김택형,임정우,15878,21-18-0,2016,5,LG
211,정규,05월 31일,18시30분,잠실,이준형,,D 6:6,KIA,양현종,,,,,18624,22-22-1,2016,5,LG
212,정규,06월 01일,18시30분,잠실,코프랜드,,L 1:5,KIA,헥터,,헥터,코프랜드,,18435,22-23-1,2016,6,LG
213,정규,06월 02일,18시30분,잠실,류제국,,W 9:1,KIA,지크,,류제국,지크,,19053,23-23-1,2016,6,LG
217,정규,06월 07일,18시30분,잠실,코프랜드,,L 5:8,삼성,차우찬,,차우찬,임정우,심창민,10954,24-26-1,2016,6,LG
218,정규,06월 08일,18시30분,잠실,류제국,,W 12:6,삼성,정인욱,,류제국,정인욱,,13350,25-26-1,2016,6,LG
219,정규,06월 09일,18시30분,잠실,소사,,W 10:4,삼성,장원삼,,소사,장원삼,,13260,26-26-1,2016,6,LG
223,정규,06월 14일,18시30분,잠실,소사,,L 7:10,NC,이민호,,김선규,임정우,,9537,27-29-1,2016,6,LG
225,정규,06월 16일,18시30분,잠실,류제국,,L 0:3,NC,스튜어트,,스튜어트,류제국,임창민,12349,27-30-1,2016,6,LG
226,정규,06월 17일,18시30분,잠실,우규민,,L 3:6,KIA,양현종,,양현종,우규민,홍건희,18993,27-31-1,2016,6,LG
227,정규,06월 18일,17시,잠실,코프랜드,,W 7:1,KIA,헥터,,코프랜드,헥터,,26000,28-31-1,2016,6,LG
228,정규,06월 19일,17시,잠실,소사,,L 5:9,KIA,지크,,지크,소사,,20341,28-32-1,2016,6,LG
232,정규,06월 24일,18시30분,잠실,장진용,,W 9:7,넥센,금민철,,이동현,이보근,임정우,10361,30-34-1,2016,6,LG
233,정규,06월 25일,17시,잠실,소사,,L 6:8,넥센,최원태,,김세현,임정우,오재영,17594,30-35-1,2016,6,LG
234,정규,06월 26일,17시,잠실,류제국,,W 2:1,넥센,맥그레거,,류제국,맥그레거,신승현,14900,31-35-1,2016,6,LG
239,정규,07월 02일,18시,잠실,소사,,L 2:4,SK,김광현,,문광은,임정우,박희수,14584,32-38-1,2016,7,LG
240,정규,07월 03일,18시,잠실,류제국,,L 7:9,SK,박종훈,,박종훈,류제국,박희수,10481,32-39-1,2016,7,LG
247,정규,07월 12일,18시30분,잠실,유경국,,W 5:4,한화,송신영,,유원상,권혁,임정우,16357,34-43-1,2016,7,LG
248,정규,07월 13일,18시30분,잠실,소사,,L 5:7,한화,송은범,,카스티요,신승현,,19533,34-44-1,2016,7,LG
249,정규,07월 14일,18시30분,잠실,류제국,,L 4:7,한화,서캠프,,송창식,류제국,,22056,34-45-1,2016,7,LG
253,정규,07월 22일,18시30분,잠실,류제국,,L 3:14,두산,니퍼트,,니퍼트,류제국,,16696,35-48-1,2016,7,LG
254,정규,07월 23일,18시,잠실,유경국,,W 9:7,두산,허준혁,,이동현,정재훈,임정우,19570,36-48-1,2016,7,LG
255,정규,07월 24일,18시,잠실,소사,,L 2:3,두산,장원준,,장원준,소사,이현승,17715,36-49-1,2016,7,LG
256,정규,07월 26일,18시30분,잠실,우규민,,L 10:12,롯데,레일리,,박진형,우규민,손승락,13000,36-50-1,2016,7,LG
257,정규,07월 27일,18시30분,잠실,허프,,W 7:1,롯데,박세웅,,허프,박세웅,,11056,37-50-1,2016,7,LG
258,정규,07월 28일,18시30분,잠실,류제국,,W 5:2,롯데,린드블럼,,류제국,린드블럼,임정우,15065,38-50-1,2016,7,LG
265,정규,08월 05일,18시30분,잠실,소사,,W 12:1,kt,로위,,소사,로위,,9368,43-52-1,2016,8,LG
266,정규,08월 06일,18시,잠실,우규민,,W 4:1,kt,피어밴드,,우규민,피어밴드,임정우,12101,44-52-1,2016,8,LG
267,정규,08월 07일,18시,잠실,허프,,W 10:4,kt,박세진,,허프,박세진,,9343,45-52-1,2016,8,LG
270,정규,08월 11일,18시30분,잠실,소사,,W 4:2,NC,최금강,,소사,최금강,임정우,9725,48-52-1,2016,8,LG
271,정규,08월 12일,18시30분,잠실,우규민,,W 6:5,NC,구창모,,정현욱,임창민,,10845,49-52-1,2016,8,LG
274,정규,08월 16일,18시30분,잠실,임찬규,R,W 11:4,SK,라라,L,임찬규,라라,,7841,50-54-1,2016,8,LG
275,정규,08월 17일,18시30분,잠실,소사,,L 6:10,SK,윤희상,,김주한,소사,,8189,50-55-1,2016,8,LG
276,정규,08월 18일,18시30분,잠실,우규민,,L 5:8,한화,서캠프,,박정진,우규민,정우람,15394,50-56-1,2016,8,LG
277,정규,08월 19일,18시30분,잠실,허프,,W 3:2,한화,이태양,,허프,이태양,임정우,16496,51-56-1,2016,8,LG
284,정규,08월 27일,18시,잠실,임찬규,,W 4:2,kt,로위,,임찬규,로위,임정우,16454,56-58-1,2016,8,LG
285,정규,08월 28일,18시,잠실,소사,,L 4:11,kt,주권,,주권,소사,,11950,56-59-1,2016,8,LG
292,정규,09월 06일,18시30분,잠실,봉중근,,W 5:2,넥센,박주현,,김지용,오주원,임정우,9582,58-64-1,2016,9,LG
293,정규,09월 07일,18시30분,잠실,류제국,,W 11:0,넥센,신재영,,류제국,신재영,,9037,59-64-1,2016,9,LG
294,정규,09월 08일,18시30분,잠실,임찬규,,L 2:4,두산,보우덴,,보우덴,이동현,홍상삼,15200,59-65-1,2016,9,LG
295,정규,09월 09일,18시30분,잠실,소사,,W 10:4,두산,장원준,,소사,장원준,,18255,60-65-1,2016,9,LG
296,정규,09월 10일,17시,잠실,이준형,,W 9:6,롯데,박세웅,,최성훈,박세웅,,20524,61-65-1,2016,9,LG
297,정규,09월 11일,14시,잠실,봉중근,,W 12:8,롯데,레일리,,김지용,윤길현,,17413,62-65-1,2016,9,LG
300,정규,09월 15일,14시,잠실,허프,,W 5:3,KIA,양현종,,허프,양현종,임정우,26000,64-66-1,2016,9,LG
301,정규,09월 16일,14시,잠실,우규민,,W 3:1,KIA,헥터,,우규민,헥터,임정우,26000,65-66-1,2016,9,LG
302,정규,09월 17일,14시,잠실,봉중근,,W 3:2,삼성,차우찬,,임찬규,장원삼,,22719,66-66-1,2016,9,LG
303,정규,09월 18일,14시,잠실,류제국,,W 5:0,삼성,플란데,,류제국,플란데,,20240,67-66-1,2016,9,LG
305,정규,09월 21일,18시30분,잠실,허프,,D 1:1,NC,장현식,,,,,10686,68-66-2,2016,9,LG
306,정규,09월 24일,17시,잠실,류제국,,L 7:12,한화,이태양,,심수창,우규민,,22625,68-67-2,2016,9,LG
308,정규,09월 30일,18시30분,잠실,소사,,L 3:5,SK,켈리,,김광현,김지용,,14045,69-68-2,2016,9,LG
309,정규,10월 01일,17시,잠실,류제국,,L 0:5,SK,윤희상,,윤희상,류제국,,21161,69-69-2,2016,10,LG
313,정규,10월 08일,17시,잠실,임찬규,,L 1:11,두산,보우덴,,니퍼트,임찬규,,26000,71-71-2,2016,10,LG
314,정규,10월 25일,18시30분,잠실,우규민,,L 3:8,NC,해커,,해커,허프,,25000,71-72-2,2016,10,LG
325,정규,04월 04일,18시30분,잠실,차우찬,L,W 11:0,삼성,장원삼,L,차우찬,장원삼,,16411,4-0-0,2017,4,LG
327,정규,04월 06일,18시30분,잠실,소사,R,W 4:0,삼성,페트릭,R,소사,페트릭,,12166,5-0-0,2017,4,LG
334,정규,04월 14일,18시30분,잠실,류제국,R,W 5:2,kt,정대현,L,류제국,정대현,신정락,9710,7-5-0,2017,4,LG
335,정규,04월 15일,17시,잠실,임찬규,R,L 0:1,kt,피어밴드,L,피어밴드,정찬헌,김재윤,17337,7-6-0,2017,4,LG
336,정규,04월 16일,14시,잠실,차우찬,L,W 12:5,kt,주권,R,차우찬,주권,,15224,8-6-0,2017,4,LG
340,정규,04월 21일,18시30분,잠실,임찬규,R,W 6:2,KIA,팻딘,L,정찬헌,팻딘,신정락,23263,10-8-0,2017,4,LG
341,정규,04월 22일,17시,잠실,차우찬,L,L 4:5,KIA,양현종,L,양현종,차우찬,임창용,25000,10-9-0,2017,4,LG
342,정규,04월 23일,14시,잠실,소사,R,W 7:1,KIA,정동현,L,소사,정동현,,25000,11-9-0,2017,4,LG
343,정규,04월 25일,18시30분,잠실,김대현,R,L 3:8,SK,다이아몬드,L,다이아몬드,김대현,,10004,11-10-0,2017,4,LG
344,정규,04월 26일,18시30분,잠실,류제국,R,W 9:0,SK,윤희상,R,류제국,윤희상,,10730,12-10-0,2017,4,LG
345,정규,04월 27일,18시30분,잠실,임찬규,R,W 4:2,SK,문승원,R,임찬규,문승원,정찬헌,11111,13-10-0,2017,4,LG
349,정규,05월 02일,18시30분,잠실,류제국,R,L 1:2,NC,최금강,R,최금강,류제국,임창민,14887,15-12-0,2017,5,LG
350,정규,05월 03일,14시,잠실,임찬규,R,W 13:0,NC,구창모,L,임찬규,구창모,,20180,16-12-0,2017,5,LG
351,정규,05월 04일,18시30분,잠실,차우찬,L,W 4:3,NC,이민호,R,최동환,김진성,윤지웅,18843,17-12-0,2017,5,LG
358,정규,05월 12일,18시30분,잠실,김대현,R,L 3:5,한화,이태양,R,이태양,허프,정우람,20357,22-13-0,2017,5,LG
359,정규,05월 13일,17시,잠실,류제국,R,L 0:10,한화,김재영,RU,김재영,류제국,,22063,22-14-0,2017,5,LG
360,정규,05월 14일,14시,잠실,임찬규,R,W 4:1,한화,윤규진,R,임찬규,윤규진,김지용,24223,23-14-0,2017,5,LG
364,정규,05월 19일,18시30분,잠실,허프,L,L 4:9,롯데,레일리,L,레일리,허프,,19653,23-18-0,2017,5,LG
365,정규,05월 20일,17시,잠실,임찬규,R,W 3:2,롯데,애디튼,L,임찬규,애디튼,김지용,23898,24-18-0,2017,5,LG
366,정규,05월 21일,14시,잠실,차우찬,L,W 4:3,롯데,박진형,R,김지용,장시환,진해수,22054,25-18-0,2017,5,LG
368,정규,05월 24일,18시30분,잠실,류제국,R,L 1:2,두산,함덕주,L,이현승,정찬헌,이용찬,20334,25-19-0,2017,5,LG
369,정규,05월 25일,18시30분,잠실,소사,R,L 7:9,두산,박치국,R,김강률,최동환,이현승,20442,25-20-0,2017,5,LG
373,정규,05월 30일,18시30분,잠실,류제국,R,L 1:3,넥센,브리검,,브리검,류제국,김상수,9520,25-24-0,2017,5,LG
374,정규,05월 31일,18시30분,잠실,소사,R,W 5:2,넥센,조상우,R,소사,조상우,정찬헌,10290,26-24-0,2017,5,LG
375,정규,06월 01일,18시30분,잠실,허프,L,W 6:1,넥센,한현희,RU,허프,한현희,,10720,27-24-0,2017,6,LG
376,정규,06월 02일,18시30분,잠실,임찬규,R,L 1:4,NC,구창모,L,구창모,임찬규,임창민,11227,27-25-0,2017,6,LG
377,정규,06월 03일,17시,잠실,차우찬,L,L 3:4,NC,해커,R,해커,차우찬,이민호,19180,27-26-0,2017,6,LG
378,정규,06월 04일,17시,잠실,류제국,R,L 5:6,NC,이재학,RU,김진성,신정락,임창민,14832,27-27-0,2017,6,LG
382,정규,06월 09일,18시30분,잠실,차우찬,L,W 3:1,SK,박종훈,RU,차우찬,채병용,소사,11023,30-27-0,2017,6,LG
383,정규,06월 10일,17시,잠실,류제국,R,L 3:4,SK,켈리,R,켈리,정찬헌,김주한,18293,30-28-0,2017,6,LG
384,정규,06월 11일,17시,잠실,소사,R,W 19:1,SK,김태훈,L,소사,김태훈,,13837,31-28-0,2017,6,LG
391,정규,06월 20일,18시30분,잠실,허프,L,W 5:3,삼성,우규민,RU,허프,우규민,,13098,36-30-0,2017,6,LG
392,정규,06월 21일,18시30분,잠실,차우찬,L,L 3:10,삼성,김대우,RU,김대우,차우찬,,13250,36-31-0,2017,6,LG
393,정규,06월 22일,18시30분,잠실,류제국,R,L 1:5,삼성,레나도,R,레나도,류제국,장필준,14197,36-32-0,2017,6,LG
400,정규,06월 30일,18시30분,잠실,소사,R,L 6:10,KIA,정용운,L,정용운,소사,,24204,37-36-1,2017,6,LG
401,정규,07월 01일,18시,잠실,허프,L,L 4:10,KIA,임기준,L,김윤동,허프,,25000,37-37-1,2017,7,LG
402,정규,07월 02일,18시,잠실,임찬규,R,L 4:13,KIA,양현종,L,양현종,임찬규,,19697,37-38-1,2017,7,LG
407,정규,07월 08일,18시,잠실,류제국,R,L 3:6,한화,윤규진,R,윤규진,류제국,정우람,18714,38-39-1,2017,7,LG
408,정규,07월 09일,18시,잠실,허프,L,W 3:2,한화,김범수,L,김지용,김범수,정찬헌,22129,39-39-1,2017,7,LG
412,정규,07월 18일,18시30분,잠실,소사,R,W 3:2,kt,피어밴드,L,소사,피어밴드,김지용,7361,42-40-1,2017,7,LG
413,정규,07월 19일,18시30분,잠실,김대현,R,W 4:2,kt,고영표,RU,김대현,고영표,신정락,7713,43-40-1,2017,7,LG
414,정규,07월 20일,18시30분,잠실,류제국,R,W 10:9,kt,정성곤,L,신정락,심재민,이동현,7776,44-40-1,2017,7,LG
418,정규,07월 25일,18시30분,잠실,소사,R,L 0:6,넥센,브리검,,브리검,소사,,8130,45-42-1,2017,7,LG
419,정규,07월 26일,18시30분,잠실,김대현,R,W 4:3,넥센,밴헤켄,L,정찬헌,김세현,,8292,46-42-1,2017,7,LG
420,정규,07월 27일,18시30분,잠실,류제국,R,W 4:3,넥센,최원태,R,정찬헌,한현희,,9443,47-42-1,2017,7,LG
424,정규,08월 01일,18시30분,잠실,김대현,R,W 2:0,롯데,송승준,R,김대현,송승준,정찬헌,16971,50-43-1,2017,8,LG
425,정규,08월 02일,18시30분,잠실,류제국,R,W 5:4,롯데,박세웅,R,정찬헌,조정훈,,15796,51-43-1,2017,8,LG
426,정규,08월 03일,18시30분,잠실,차우찬,L,W 9:6,롯데,김원중,R,차우찬,김원중,최성훈,15429,52-43-1,2017,8,LG
427,정규,08월 04일,18시30분,잠실,임찬규,R,L 4:11,두산,보우덴,R,보우덴,임찬규,,20144,52-44-1,2017,8,LG
428,정규,08월 05일,18시,잠실,소사,R,L 1:2,두산,장원준,L,이용찬,진해수,,22428,52-45-1,2017,8,LG
429,정규,08월 06일,18시,잠실,김대현,R,L 3:10,두산,함덕주,L,김승회,김대현,,17714,52-46-1,2017,8,LG
432,정규,08월 10일,18시30분,잠실,임찬규,R,L 1:2,SK,다이아몬드,L,다이아몬드,임찬규,신재웅,7755,53-48-1,2017,8,LG
433,정규,08월 11일,18시30분,잠실,소사,R,W 6:2,SK,켈리,R,진해수,켈리,,9598,54-48-1,2017,8,LG
437,정규,08월 16일,18시30분,잠실,차우찬,L,W 2:1,kt,피어밴드,L,허프,이상화,,7168,55-49-1,2017,8,LG
440,정규,08월 19일,18시,잠실,류제국,R,W 6:4,삼성,황수범,R,진해수,장원삼,이동현,18337,56-51-1,2017,8,LG
442,정규,08월 22일,18시30분,잠실,허프,L,L 3:4,NC,이재학,RU,김진성,이동현,임창민,8626,56-52-1,2017,8,LG
443,정규,08월 23일,18시30분,잠실,임찬규,R,W 9:3,NC,맨쉽,R,임찬규,맨쉽,,7105,57-52-1,2017,8,LG
450,정규,08월 31일,18시30분,잠실,소사,R,L 3:5,넥센,최원태,R,,이동현,김상수,8161,58-57-2,2017,8,LG
451,정규,09월 01일,18시30분,잠실,허프,L,W 6:2,넥센,브리검,,허프,브리검,,9705,59-57-2,2017,9,LG
454,정규,09월 05일,18시30분,잠실,차우찬,L,W 4:3,KIA,팻딘,L,진해수,김세현,,17754,60-59-2,2017,9,LG
455,정규,09월 06일,18시30분,잠실,소사,R,W 6:0,KIA,심동섭,L,소사,심동섭,,16971,61-59-2,2017,9,LG
458,정규,09월 09일,17시,잠실,임찬규,R,W 4:3,두산,장원준,L,신정락,장원준,이동현,24112,63-59-3,2017,9,LG
459,정규,09월 10일,14시,잠실,차우찬,L,L 1:5,두산,함덕주,L,김명신,차우찬,이용찬,21683,63-60-3,2017,9,LG
460,정규,09월 12일,18시30분,잠실,소사,R,L 1:2,롯데,레일리,L,레일리,소사,손승락,17685,63-61-3,2017,9,LG
461,정규,09월 13일,18시30분,잠실,허프,L,W 3:1,롯데,박세웅,R,허프,박세웅,신정락,19068,64-61-3,2017,9,LG
464,정규,09월 16일,17시,잠실,차우찬,L,L 1:3,한화,김재영,RU,김재영,이동현,박정진,19961,64-64-3,2017,9,LG
465,정규,09월 17일,14시,잠실,소사,R,W 8:1,한화,오간도,R,소사,오간도,,16454,65-64-3,2017,9,LG
466,정규,09월 19일,18시30분,잠실,허프,L,L 7:15,kt,류희운,R,주권,이동현,,5523,65-65-3,2017,9,LG
467,정규,09월 20일,18시30분,잠실,김대현,R,L 1:2,한화,배영수,R,배영수,김대현,정우람,9719,65-66-3,2017,9,LG
474,정규,09월 29일,18시30분,잠실,소사,R,L 3:5,두산,장원준,L,장원준,소사,김강률,22246,68-70-3,2017,9,LG
475,정규,09월 30일,17시,잠실,허프,L,W 4:3,삼성,최지광,R,이동현,심창민,,18477,69-70-3,2017,9,LG
476,정규,10월 01일,14시,잠실,임찬규,R,L 3:10,삼성,우규민,RU,우규민,임찬규,,19440,69-71-3,2017,10,LG
483,정규,03월 30일,18시30분,잠실,윌슨,,L 3:4,KIA,헥터,R,헥터,윌슨,김세현,22667,1-5-0,2018,3,LG
484,정규,03월 31일,17시,잠실,차우찬,L,W 6:4,KIA,양현종,L,차우찬,양현종,정찬헌,25000,2-5-0,2018,3,LG
485,정규,04월 01일,14시,잠실,김대현,R,W 6:5,KIA,팻딘,L,정찬헌,김세현,,23815,3-5-0,2018,4,LG
492,정규,04월 10일,18시30분,잠실,임찬규,R,L 1:4,SK,박종훈,RU,박종훈,임찬규,윤희상,8069,5-9-0,2018,4,LG
493,정규,04월 11일,18시30분,잠실,김대현,R,W 3:0,SK,문승원,R,김대현,문승원,정찬헌,8940,6-9-0,2018,4,LG
494,정규,04월 12일,18시30분,잠실,윌슨,,W 5:4,SK,김태훈,L,정찬헌,박정배,,9825,7-9-0,2018,4,LG
495,정규,04월 13일,18시30분,잠실,차우찬,L,W 3:1,kt,피어밴드,L,차우찬,피어밴드,정찬헌,10899,8-9-0,2018,4,LG
496,정규,04월 14일,17시,잠실,소사,R,W 8:0,kt,고영표,RU,소사,고영표,,12862,9-9-0,2018,4,LG
497,정규,04월 15일,14시,잠실,임찬규,R,W 11:8,kt,금민철,L,임찬규,금민철,정찬헌,15336,10-9-0,2018,4,LG
504,정규,04월 24일,18시30분,잠실,손주영,L,W 8:2,넥센,최원태,R,이동현,최원태,,8531,14-12-0,2018,4,LG
505,정규,04월 25일,18시30분,잠실,차우찬,L,W 2:1,넥센,브리검,,차우찬,브리검,정찬헌,10744,15-12-0,2018,4,LG
506,정규,04월 26일,18시30분,잠실,소사,R,W 11:1,넥센,신재영,R,소사,신재영,,11008,16-12-0,2018,4,LG
507,정규,04월 27일,18시30분,잠실,임찬규,R,W 9:2,삼성,아델만,,임찬규,아델만,,15885,17-12-0,2018,4,LG
508,정규,04월 28일,17시,잠실,김대현,R,W 6:4,삼성,보니야,,김대현,보니야,정찬헌,23380,18-12-0,2018,4,LG
509,정규,04월 29일,14시,잠실,윌슨,,L 7:8,삼성,장원삼,L,심창민,김지용,장필준,21031,18-13-0,2018,4,LG
513,정규,05월 04일,18시30분,잠실,김대현,R,L 8:11,두산,유희관,L,이영하,김지용,함덕주,23098,18-17-0,2018,5,LG
514,정규,05월 05일,14시,잠실,윌슨,,L 0:3,두산,장원준,L,장원준,윌슨,김강률,25000,18-18-0,2018,5,LG
515,정규,05월 06일,14시,잠실,차우찬,L,L 5:13,두산,린드블럼,R,린드블럼,차우찬,,21014,18-19-0,2018,5,LG
516,정규,05월 08일,18시30분,잠실,소사,R,L 2:4,롯데,듀브론트,,듀브론트,소사,손승락,13448,18-20-0,2018,5,LG
517,정규,05월 09일,18시30분,잠실,임찬규,R,W 3:2,롯데,윤성빈,R,임찬규,윤성빈,정찬헌,18561,19-20-0,2018,5,LG
518,정규,05월 10일,18시30분,잠실,김대현,R,L 2:7,롯데,레일리,L,레일리,김대현,,19697,19-21-0,2018,5,LG
525,정규,05월 18일,18시30분,잠실,김대현,R,L 3:4,한화,배영수,R,송은범,정찬헌,정우람,21431,22-24-0,2018,5,LG
526,정규,05월 19일,17시,잠실,소사,R,L 1:2,한화,샘슨,,샘슨,소사,서균,25000,22-25-0,2018,5,LG
527,정규,05월 20일,14시,잠실,차우찬,L,W 6:2,한화,휠러,,차우찬,휠러,,25000,23-25-0,2018,5,LG
528,정규,05월 22일,14시,잠실,임찬규,R,W 6:1,NC,구창모,L,임찬규,구창모,,18543,24-25-0,2018,5,LG
529,정규,05월 23일,18시30분,잠실,윌슨,,W 12:2,NC,정수민,R,윌슨,정수민,,9279,25-25-0,2018,5,LG
530,정규,05월 24일,18시30분,잠실,소사,R,W 4:0,NC,,,소사,,,11075,26-25-0,2018,5,LG
537,정규,06월 01일,18시30분,잠실,차우찬,L,W 3:1,넥센,브리검,,차우찬,브리검,정찬헌,12385,31-27-0,2018,6,LG
538,정규,06월 02일,17시,잠실,임찬규,R,W 10:6,넥센,안우진,,임찬규,안우진,김지용,20227,32-27-0,2018,6,LG
539,정규,06월 03일,17시,잠실,윌슨,,W 8:0,넥센,로저스,R,윌슨,로저스,,15687,33-27-0,2018,6,LG
540,정규,06월 05일,18시30분,잠실,소사,R,W 7:3,한화,배영수,R,소사,배영수,정찬헌,23934,34-27-0,2018,6,LG
541,정규,06월 06일,14시,잠실,손주영,L,L 1:5,한화,샘슨,,샘슨,손주영,,23593,34-28-0,2018,6,LG
542,정규,06월 07일,18시30분,잠실,차우찬,L,W 6:5,한화,휠러,,진해수,안영명,정찬헌,20245,35-28-0,2018,6,LG
549,정규,06월 15일,18시30분,잠실,윌슨,,W 4:3,KIA,팻딘,L,정찬헌,김윤동,,23375,38-32-0,2018,6,LG
550,정규,06월 16일,17시,잠실,소사,R,W 4:3,KIA,한승혁,R,김지용,김윤동,,25000,39-32-0,2018,6,LG
551,정규,06월 17일,17시,잠실,김영준,,W 9:6,KIA,헥터,R,고우석,헥터,정찬헌,23586,40-32-0,2018,6,LG
555,정규,06월 22일,18시30분,잠실,소사,R,W 2:1,롯데,레일리,L,소사,레일리,정찬헌,21084,42-34-0,2018,6,LG
556,정규,06월 23일,17시,잠실,신정락,RU,W 18:8,롯데,노경은,R,김영준,고효준,,24212,43-34-0,2018,6,LG
557,정규,06월 24일,17시,잠실,차우찬,L,D 2:2,롯데,김원중,R,,,,20904,43-34-1,2018,6,LG
559,정규,06월 27일,18시30분,잠실,윌슨,,W 7:2,kt,김사율,R,윌슨,김사율,,9004,44-34-1,2018,6,LG
564,정규,07월 03일,18시30분,잠실,윌슨,,L 6:13,NC,베렛,,이민호,고우석,,7034,44-37-1,2018,7,LG
565,정규,07월 04일,18시30분,잠실,임찬규,R,W 13:3,NC,구창모,L,임찬규,구창모,,7343,45-37-1,2018,7,LG
566,정규,07월 05일,18시30분,잠실,소사,R,L 3:5,NC,이형범,R,강윤구,김지용,장현식,8125,45-38-1,2018,7,LG
570,정규,07월 10일,18시30분,잠실,임지섭,L,L 3:10,SK,산체스,,산체스,임지섭,,8445,47-40-1,2018,7,LG
571,정규,07월 11일,18시30분,잠실,소사,R,W 3:1,SK,김광현,L,소사,김광현,정찬헌,9417,48-40-1,2018,7,LG
572,정규,07월 12일,18시30분,잠실,차우찬,L,L 4:7,SK,박종훈,RU,김태훈,차우찬,신재웅,9947,48-41-1,2018,7,LG
576,정규,07월 20일,18시30분,잠실,소사,R,L 4:5,두산,이용찬,R,이영하,신정락,,19800,51-42-1,2018,7,LG
577,정규,07월 21일,18시,잠실,김대현,R,L 10:17,두산,장원준,L,홍상삼,신정락,,22550,51-43-1,2018,7,LG
578,정규,07월 22일,18시,잠실,윌슨,,L 1:6,두산,후랭코프,,후랭코프,윌슨,함덕주,18463,51-44-1,2018,7,LG
579,정규,07월 24일,18시30분,잠실,차우찬,L,L 1:11,삼성,양창섭,,양창섭,차우찬,,9393,51-45-1,2018,7,LG
580,정규,07월 25일,18시30분,잠실,임찬규,R,L 0:1,삼성,아델만,,아델만,임찬규,심창민,8849,51-46-1,2018,7,LG
581,정규,07월 26일,18시30분,잠실,소사,R,W 7:5,삼성,백정현,L,정찬헌,심창민,,9415,52-46-1,2018,7,LG
588,정규,08월 04일,18시,잠실,차우찬,L,L 2:9,SK,문승원,R,문승원,차우찬,,12070,53-52-1,2018,8,LG
589,정규,08월 05일,18시,잠실,임찬규,R,L 3:12,SK,박종훈,RU,박종훈,임찬규,신재웅,8689,53-53-1,2018,8,LG
592,정규,08월 09일,18시30분,잠실,배재준,R,L 6:9,삼성,윤성환,R,장필준,신정락,,10007,53-56-1,2018,8,LG
593,정규,08월 10일,18시30분,잠실,차우찬,L,W 12:10,삼성,보니야,,최동환,권오준,정찬헌,12706,54-56-1,2018,8,LG
601,정규,09월 06일,18시30분,잠실,윌슨,,W 6:3,NC,,,윌슨,,정찬헌,6944,58-60-1,2018,9,LG
602,정규,09월 07일,18시30분,잠실,임찬규,R,L 1:11,NC,구창모,L,구창모,임찬규,,7917,58-61-1,2018,9,LG
603,정규,09월 08일,17시,잠실,소사,R,W 5:1,한화,김성훈,R,소사,김성훈,,22908,59-61-1,2018,9,LG
604,정규,09월 09일,14시,잠실,차우찬,L,W 8:5,한화,샘슨,,차우찬,샘슨,정찬헌,19286,60-61-1,2018,9,LG
605,정규,09월 11일,18시30분,잠실,김대현,R,L 1:3,넥센,브리검,,브리검,김대현,김상수,8386,60-62-1,2018,9,LG
606,정규,09월 12일,18시30분,잠실,윌슨,,W 5:4,넥센,한현희,RU,신정락,오주원,,8463,61-62-1,2018,9,LG
611,정규,09월 18일,18시30분,잠실,윌슨,,L 1:4,롯데,노경은,R,구승민,고우석,손승락,11101,63-65-1,2018,9,LG
612,정규,09월 19일,18시30분,잠실,임찬규,R,L 11:15,롯데,박세웅,R,손승락,신정락,,10126,63-66-1,2018,9,LG
613,정규,09월 20일,18시30분,잠실,소사,R,L 3:9,두산,이영하,R,이영하,소사,,12019,63-67-1,2018,9,LG
614,정규,09월 21일,18시30분,잠실,차우찬,L,L 3:10,두산,린드블럼,R,린드블럼,차우찬,,17031,63-68-1,2018,9,LG
615,정규,09월 22일,17시,잠실,김대현,R,L 1:6,kt,피어밴드,L,피어밴드,김대현,,13314,63-69-1,2018,9,LG
616,정규,09월 23일,14시,잠실,윌슨,,W 5:4,kt,니퍼트,R,신정락,김재윤,,9444,64-69-1,2018,9,LG
619,정규,09월 27일,18시30분,잠실,차우찬,L,W 9:1,KIA,양현종,L,차우찬,양현종,,17937,65-71-1,2018,9,LG
620,정규,09월 28일,18시30분,잠실,윌슨,,L 2:6,KIA,헥터,R,임기준,신정락,,21766,65-72-1,2018,9,LG
623,정규,10월 02일,18시30분,잠실,배재준,R,W 10:6,kt,김민,,고우석,홍성용,,5512,66-74-1,2018,10,LG
624,정규,10월 03일,14시,잠실,김영준,,L 3:4,kt,김태오,L,피어밴드,김영준,김재윤,11896,66-75-1,2018,10,LG
633,정규,03월 29일,18시30분,잠실,윌슨,,W 2:1,롯데,레일리,L,윌슨,레일리,정찬헌,19370,4-2-0,2019,3,LG
634,정규,03월 30일,17시,잠실,,,L 1:7,롯데,김원중,R,김원중,,,20601,4-3-0,2019,3,LG
635,정규,03월 31일,14시,잠실,임찬규,R,W 6:5,롯데,,,정찬헌,,,21267,5-3-0,2019,3,LG
643,정규,04월 10일,18시30분,잠실,윌슨,,L 5:6,삼성,,,장필준,,최충연,10261,7-8-0,2019,4,LG
644,정규,04월 11일,18시30분,잠실,,,W 5:2,삼성,백정현,L,,백정현,정찬헌,11168,8-8-0,2019,4,LG
645,정규,04월 12일,18시30분,잠실,차우찬,L,W 3:0,두산,후랭코프,,차우찬,후랭코프,정찬헌,18489,9-8-0,2019,4,LG
646,정규,04월 13일,17시,잠실,임찬규,R,W 5:2,두산,유희관,L,진해수,유희관,정찬헌,25000,10-8-0,2019,4,LG
647,정규,04월 14일,14시,잠실,배재준,R,L 0:8,두산,이영하,R,이영하,배재준,,15459,10-9-0,2019,4,LG
651,정규,04월 19일,18시30분,잠실,김대현,R,L 3:13,키움,최원태,R,최원태,김대현,,9936,13-10-0,2019,4,LG
652,정규,04월 20일,17시,잠실,배재준,R,L 3:7,키움,이승호,L,한현희,신정락,,16362,13-11-0,2019,4,LG
653,정규,04월 21일,14시,잠실,윌슨,,W 5:3,키움,브리검,,윌슨,김동준,고우석,14364,14-11-0,2019,4,LG
654,정규,04월 23일,18시30분,잠실,,,W 9:2,KIA,,,,,,12485,15-11-0,2019,4,LG
655,정규,04월 24일,18시30분,잠실,차우찬,L,W 10:3,KIA,,,차우찬,,,14171,16-11-0,2019,4,LG
660,정규,04월 30일,18시30분,잠실,차우찬,L,W 10:9,KT,금민철,L,심수창,,,10144,19-11-0,2019,4,LG
661,정규,05월 01일,18시30분,잠실,배재준,R,W 3:2,KT,,,배재준,,고우석,12582,20-11-0,2019,5,LG
662,정규,05월 02일,18시30분,잠실,장원삼,L,W 5:4,KT,김민,,최동환,주권,,9806,21-11-0,2019,5,LG
669,정규,05월 10일,18시30분,잠실,,,L 2:5,한화,장민재,R,장민재,,정우람,19399,22-17-0,2019,5,LG
670,정규,05월 11일,17시,잠실,차우찬,L,W 6:4,한화,,,차우찬,,고우석,25000,23-17-0,2019,5,LG
671,정규,05월 12일,14시,잠실,이우찬,L,W 2:0,한화,김범수,L,이우찬,김범수,고우석,21860,24-17-0,2019,5,LG
675,정규,05월 17일,18시30분,잠실,차우찬,L,L 2:13,NC,구창모,L,구창모,차우찬,,11998,25-20-0,2019,5,LG
676,정규,05월 18일,17시,잠실,류제국,R,L 3:9,NC,,,,,,17182,25-21-0,2019,5,LG
678,정규,05월 21일,18시30분,잠실,윌슨,,L 2:4,SK,김광현,L,김광현,윌슨,,10254,25-22-0,2019,5,LG
679,정규,05월 22일,18시30분,잠실,,,L 0:2,SK,산체스,,산체스,,,10082,25-23-0,2019,5,LG
680,정규,05월 23일,18시30분,잠실,이우찬,L,W 2:1,SK,,,고우석,강지광,,10249,26-23-0,2019,5,LG
687,정규,05월 31일,18시30분,잠실,차우찬,L,W 3:2,NC,최성영,L,차우찬,최성영,고우석,10099,31-25-0,2019,5,LG
688,정규,06월 01일,17시,잠실,윌슨,,W 5:1,NC,,,윌슨,,,18500,32-25-0,2019,6,LG
689,정규,06월 02일,17시,잠실,,,L 1:4,NC,박진우,RU,박진우,,원종현,12536,32-26-0,2019,6,LG
690,정규,06월 04일,18시30분,잠실,이우찬,L,W 8:4,KT,,,이우찬,,,7244,33-26-0,2019,6,LG
691,정규,06월 05일,18시30분,잠실,류제국,R,W 9:2,KT,,,진해수,,,9860,34-26-0,2019,6,LG
692,정규,06월 06일,14시,잠실,차우찬,L,W 8:7,KT,금민철,L,고우석,정성곤,,13673,35-26-0,2019,6,LG
696,정규,06월 11일,18시30분,잠실,류제국,R,D 1:1,롯데,레일리,L,,,,10802,37-27-1,2019,6,LG
697,정규,06월 12일,18시30분,잠실,차우찬,L,W 4:3,롯데,김건국,R,고우석,고효준,,13909,38-27-1,2019,6,LG
698,정규,06월 13일,18시30분,잠실,윌슨,,W 4:3,롯데,,,김대현,손승락,,13705,39-27-1,2019,6,LG
705,정규,06월 21일,18시30분,잠실,이우찬,L,W 9:8,KIA,,,고우석,전상현,,18316,43-30-1,2019,6,LG
706,정규,06월 22일,17시,잠실,류제국,R,L 2:3,KIA,차명진,R,차명진,류제국,문경찬,25000,43-31-1,2019,6,LG
707,정규,06월 23일,17시,잠실,차우찬,L,L 0:7,KIA,양현종,L,양현종,차우찬,,23321,43-32-1,2019,6,LG
708,정규,06월 25일,18시30분,잠실,윌슨,,L 3:8,SK,김광현,L,김광현,윌슨,,9777,43-33-1,2019,6,LG
709,정규,06월 26일,18시30분,잠실,,,L 4:7,SK,산체스,,산체스,,,7888,43-34-1,2019,6,LG
710,정규,06월 27일,18시30분,잠실,신정락,RU,W 6:4,SK,소사,R,,박민호,고우석,8475,44-34-1,2019,6,LG
714,정규,07월 02일,18시30분,잠실,윌슨,,W 9:2,한화,,,윌슨,,,10360,46-35-1,2019,7,LG
715,정규,07월 03일,18시30분,잠실,,,W 6:1,한화,,,,,,11170,47-35-1,2019,7,LG
716,정규,07월 04일,18시30분,잠실,이우찬,L,W 4:3,한화,,,이우찬,박상원,고우석,12362,48-35-1,2019,7,LG
720,정규,07월 09일,18시30분,잠실,,,L 4:11,두산,린드블럼,R,린드블럼,,,13844,49-38-1,2019,7,LG
722,정규,07월 11일,18시30분,잠실,이우찬,L,L 4:8,두산,유희관,L,유희관,김대현,,11728,49-39-1,2019,7,LG
723,정규,07월 12일,18시30분,잠실,차우찬,L,L 3:6,삼성,,,김승현,,장필준,15973,49-40-1,2019,7,LG
724,정규,07월 13일,18시,잠실,윌슨,,W 5:3,삼성,윤성환,R,윌슨,윤성환,고우석,21094,50-40-1,2019,7,LG
725,정규,07월 14일,18시,잠실,,,W 2:0,삼성,백정현,L,,백정현,고우석,14603,51-40-1,2019,7,LG
732,정규,07월 30일,18시30분,잠실,차우찬,L,L 2:4,키움,,,,차우찬,오주원,9570,54-43-1,2019,7,LG
733,정규,07월 31일,18시30분,잠실,류제국,R,L 0:8,키움,김선기,,김선기,송은범,,8027,54-44-1,2019,7,LG
734,정규,08월 01일,18시30분,잠실,이우찬,L,W 11:5,키움,브리검,,김대현,김상수,,10007,55-44-1,2019,8,LG
735,정규,08월 03일,18시,잠실,윌슨,,W 13:10,삼성,,,김대현,최지광,고우석,18146,56-44-1,2019,8,LG
736,정규,08월 04일,17시,잠실,,,L 1:2,삼성,윤성환,R,윤성환,,우규민,12408,56-45-1,2019,8,LG
741,정규,08월 10일,18시,잠실,,,L 0:2,SK,산체스,,산체스,,,12450,58-48-1,2019,8,LG
742,정규,08월 11일,17시,잠실,차우찬,L,W 4:3,SK,박종훈,RU,차우찬,박종훈,고우석,8495,59-48-1,2019,8,LG
743,정규,08월 13일,18시30분,잠실,류제국,R,W 8:7,키움,김선기,,고우석,한현희,,7224,60-48-1,2019,8,LG
744,정규,08월 14일,18시30분,잠실,윌슨,,L 0:14,키움,브리검,,브리검,윌슨,,9092,60-49-1,2019,8,LG
749,정규,08월 20일,18시30분,잠실,윌슨,,W 15:3,KIA,,,윌슨,,,12490,62-51-1,2019,8,LG
750,정규,08월 21일,18시30분,잠실,류제국,R,W 6:4,KIA,임기영,RU,김대현,임기영,고우석,11806,63-51-1,2019,8,LG
751,정규,08월 22일,18시30분,잠실,임찬규,R,L 2:5,NC,구창모,L,구창모,임찬규,원종현,6670,63-52-1,2019,8,LG
752,정규,08월 23일,18시30분,잠실,,,W 8:2,NC,,,,,,8330,64-52-1,2019,8,LG
753,정규,08월 24일,18시,잠실,차우찬,L,W 12:8,KT,,,차우찬,,고우석,14388,65-52-1,2019,8,LG
754,정규,08월 25일,17시,잠실,윌슨,,L 3:7,KT,배제성,R,배제성,윌슨,,11273,65-53-1,2019,8,LG
758,정규,08월 30일,18시30분,잠실,차우찬,L,L 0:1,한화,,,,차우찬,정우람,11752,66-55-1,2019,8,LG
764,정규,09월 06일,18시30분,잠실,윌슨,,W 5:2,롯데,장시환,R,윌슨,장시환,고우석,9837,69-56-1,2019,9,LG
766,정규,09월 08일,14시,잠실,,,W 2:1,두산,이용찬,R,,이용찬,고우석,17675,70-56-1,2019,9,LG
771,정규,09월 14일,17시,잠실,,,W 7:2,KIA,이민우,,,이민우,,17406,73-58-1,2019,9,LG
772,정규,09월 15일,14시,잠실,차우찬,L,W 10:4,두산,최원준,R,차우찬,함덕주,고우석,18171,74-58-1,2019,9,LG
777,정규,09월 23일,18시30분,잠실,배재준,R,L 1:9,한화,,,,배재준,,11775,77-60-1,2019,9,LG
778,정규,09월 24일,18시30분,잠실,윌슨,,L 2:4,삼성,백정현,L,백정현,송은범,우규민,15115,77-61-1,2019,9,LG
780,정규,09월 27일,18시30분,잠실,심수창,R,L 0:3,NC,김영규,,김영규,심수창,,19523,78-62-1,2019,9,LG
782,정규,09월 29일,14시,잠실,이우찬,L,L 0:3,두산,이용찬,R,이영하,이우찬,,25000,78-64-1,2019,9,LG
783,정규,09월 30일,18시30분,잠실,배재준,R,W 2:0,롯데,박세웅,R,배재준,박세웅,고우석,12042,79-64-1,2019,9,LG
869,정규,07월 31일,18시30분,잠실,켈리,,L 1:2,한화,장시환,R,장시환,켈리,정우람,2402,39-32-1,2020,7,LG
870,정규,08월 01일,18시,잠실,김윤식,,W 9:6,한화,서폴드,,이정용,서폴드,,2315,40-32-1,2020,8,LG
879,정규,08월 11일,18시30분,잠실,정찬헌,R,L 4:8,KIA,양현종,L,양현종,정찬헌,,3169,43-36-1,2020,8,LG
880,정규,08월 12일,18시30분,잠실,임찬규,R,W 8:0,KIA,브룩스,,임찬규,브룩스,,4236,44-36-1,2020,8,LG
881,정규,08월 13일,18시30분,잠실,켈리,,W 4:2,KIA,이민우,,켈리,이민우,고우석,3558,45-36-1,2020,8,LG
940,정규,10월 16일,18시30분,잠실,켈리,,W 9:0,KIA,가뇽,,켈리,가뇽,,5490,76-58-3,2020,10,LG
941,정규,10월 17일,17시,잠실,남호,,W 11:8,KIA,김기훈,,송은범,김기훈,,6686,77-58-3,2020,10,LG
942,정규,10월 18일,14시,잠실,이민호,,L 0:4,KIA,양현종,L,양현종,이민호,,6686,77-59-3,2020,10,LG
946,정규,10월 28일,18시30분,잠실,임찬규,R,L 6:7,한화,김이환,,김진영,고우석,김종수,6775,79-60-4,2020,10,LG
955,정규,04월 09일,18시30분,잠실,함덕주,L,W 9:5,SSG,이건욱,R,진해수,조영우,,2414,4-1-0,2021,4,LG
956,정규,04월 10일,14시,잠실,켈리,,L 3:4,SSG,르위키,,김태훈,정우영,김상수,2431,4-2-0,2021,4,LG
957,정규,04월 11일,14시,잠실,수아레즈,,W 1:0,SSG,박종훈,RU,수아레즈,조영우,고우석,2454,5-2-0,2021,4,LG
961,정규,04월 16일,18시30분,잠실,켈리,,W 1:0,두산,로켓,,켈리,로켓,고우석,2442,8-3-0,2021,4,LG
962,정규,04월 17일,17시,잠실,수아레즈,,L 1:3,두산,최원준,R,최원준,수아레즈,김강률,2472,8-4-0,2021,4,LG
963,정규,04월 18일,14시,잠실,이민호,,L 1:9,두산,미란다,,미란다,이민호,,2472,8-5-0,2021,4,LG
964,정규,04월 20일,18시30분,잠실,정찬헌,R,L 3:6,KIA,브룩스,,브룩스,정찬헌,정해영,2453,8-6-0,2021,4,LG
965,정규,04월 21일,18시30분,잠실,함덕주,L,W 7:3,KIA,김유신,,김윤식,고영창,,2457,9-6-0,2021,4,LG
966,정규,04월 22일,18시30분,잠실,켈리,,L 2:3,KIA,이의리,,정해영,고우석,,2472,9-7-0,2021,4,LG
970,정규,04월 27일,18시30분,잠실,정찬헌,R,W 4:0,롯데,노경은,R,정찬헌,노경은,,2347,12-8-0,2021,4,LG
971,정규,04월 28일,18시30분,잠실,켈리,,L 0:3,롯데,스트레일리,,스트레일리,켈리,김원중,2455,12-9-0,2021,4,LG
972,정규,04월 29일,18시30분,잠실,수아레즈,,W 3:2,롯데,프랑코,,정우영,최준용,고우석,2472,13-9-0,2021,4,LG
980,정규,05월 08일,17시,잠실,정찬헌,R,W 11:2,한화,킹엄,,정찬헌,킹엄,,2441,16-12-0,2021,5,LG
982,정규,05월 09일,17시,잠실,배재준,R,L 4:5,한화,장시환,R,김범수,함덕주,정우람,2472,16-13-0,2021,5,LG
983,정규,05월 09일,14시,잠실,이민호,,W 11:1,한화,김민우,R,이민호,김민우,,2472,17-13-0,2021,5,LG
987,정규,05월 14일,18시30분,잠실,정찬헌,R,W 4:3,삼성,뷰캐넌,,김대유,임현준,고우석,2472,19-15-0,2021,5,LG
988,정규,05월 15일,17시,잠실,이민호,,W 14:4,삼성,최채흥,,이민호,최채흥,,2455,20-15-0,2021,5,LG
990,정규,05월 17일,18시30분,잠실,켈리,,L 1:3,삼성,이승민,,최지광,고우석,오승환,1975,20-16-0,2021,5,LG
991,정규,05월 18일,18시30분,잠실,수아레즈,,W 1:0,NC,루친스키,,수아레즈,루친스키,고우석,2428,21-16-0,2021,5,LG
992,정규,05월 19일,14시,잠실,이상영,,W 6:5,NC,신민혁,,송은범,문경찬,,2472,22-16-0,2021,5,LG
993,정규,05월 20일,18시30분,잠실,정찬헌,R,L 1:11,NC,김영규,,김영규,정찬헌,,1929,22-17-0,2021,5,LG
1000,정규,05월 28일,18시30분,잠실,켈리,,W 3:1,키움,요키시,,켈리,요키시,고우석,2409,25-20-0,2021,5,LG
1001,정규,05월 29일,17시,잠실,이민호,,L 2:7,키움,한현희,RU,한현희,이민호,조상우,2429,25-21-0,2021,5,LG
1002,정규,05월 30일,14시,잠실,수아레즈,,W 8:2,키움,최원태,R,수아레즈,최원태,,2472,26-21-0,2021,5,LG
1003,정규,06월 01일,18시30분,잠실,이상영,,L 1:8,KT,고영표,RU,고영표,이상영,,1656,26-22-0,2021,6,LG
1004,정규,06월 02일,18시30분,잠실,정찬헌,R,W 6:5,KT,배제성,R,김대유,안영명,고우석,1820,27-22-0,2021,6,LG
1009,정규,06월 08일,18시30분,잠실,켈리,,W 2:1,NC,파슨스,,김윤식,임창민,고우석,1847,30-23-0,2021,6,LG
1010,정규,06월 09일,18시30분,잠실,이우찬,L,W 6:3,NC,김영규,,이상영,최금강,고우석,1736,31-23-0,2021,6,LG
1011,정규,06월 10일,18시30분,잠실,이민호,,L 0:6,NC,루친스키,,루친스키,이민호,,1624,31-24-0,2021,6,LG
1012,정규,06월 11일,18시30분,잠실,수아레즈,,W 3:1,두산,박종기,R,정우영,이승진,고우석,2472,32-24-0,2021,6,LG
1013,정규,06월 12일,17시,잠실,차우찬,L,L 3:8,두산,미란다,,홍건희,최성훈,,2472,32-25-0,2021,6,LG
1014,정규,06월 13일,17시,잠실,정찬헌,R,W 2:0,두산,곽빈,,정찬헌,곽빈,고우석,2472,33-25-0,2021,6,LG
1018,정규,06월 18일,18시30분,잠실,차우찬,L,W 5:0,KIA,김유신,,차우찬,김유신,,4860,36-26-0,2021,6,LG
1019,정규,06월 19일,17시,잠실,정찬헌,R,W 7:2,KIA,이민우,,정찬헌,이민우,고우석,7405,37-26-0,2021,6,LG
1020,정규,06월 20일,17시,잠실,켈리,,W 6:0,KIA,차명진,R,켈리,차명진,,6602,38-26-0,2021,6,LG
1029,정규,06월 30일,18시30분,잠실,수아레즈,,L 3:4,KT,고영표,RU,고영표,이정용,김재윤,2851,41-30-0,2021,6,LG
1031,정규,07월 01일,18시30분,잠실,임찬규,R,L 1:6,KT,배제성,R,배제성,임찬규,,2919,41-31-0,2021,7,LG
1032,정규,07월 02일,18시30분,잠실,켈리,,L 3:5,한화,김민우,R,김민우,켈리,,4589,41-32-0,2021,7,LG
1034,정규,07월 04일,17시,잠실,이민호,,W 5:0,한화,윤대경,R,이민호,윤대경,,3428,42-32-0,2021,7,LG
1035,정규,07월 05일,18시30분,잠실,차우찬,L,W 7:6,한화,김기중,,고우석,정우람,,2075,43-32-0,2021,7,LG
1114,정규,10월 19일,18시30분,잠실,임찬규,R,L 4:5,키움,안우진,,안우진,임찬규,김태훈,1624,69-55-9,2021,10,LG
1115,정규,10월 20일,18시30분,잠실,켈리,,L 5:6,키움,최원태,R,최원태,켈리,김태훈,1606,69-56-9,2021,10,LG
1116,정규,10월 21일,18시30분,잠실,임준형,,D 5:5,키움,정찬헌,R,,,,1617,69-56-10,2021,10,LG
1120,정규,10월 25일,18시30분,잠실,켈리,,D 4:4,롯데,박세웅,R,,,,3249,69-57-13,2021,10,LG
1126,정규,11월 04일,18시30분,잠실,수아레즈,,L 1:5,두산,최원준,R,최원준,수아레즈,,19846,72-59-14,2021,11,LG
1128,정규,11월 07일,14시,잠실,임찬규,R,L 3:10,두산,김민규,,이영하,임찬규,,23800,73-60-14,2021,11,LG
